index,Books,link
1,Fundamentals of Power Electronics,https://link.springer.com/content/pdf/10.1007%2Fb100747.pdf
2,Handbook of the Life Course,https://link.springer.com/content/pdf/10.1007%2Fb100507.pdf
3,All of Statistics,https://link.springer.com/content/pdf/10.1007%2F978-0-387-21736-9.pdf
4,Social Anxiety and Social Phobia in Youth,https://link.springer.com/content/pdf/10.1007%2Fb99417.pdf
5,Discrete Mathematics,https://link.springer.com/content/pdf/10.1007%2Fb97469.pdf
6,Developmental Neurobiology,https://link.springer.com/content/pdf/10.1007%2F0-387-28117-7.pdf
7,Intuitive Probability and Random Processes using MATLAB®,https://link.springer.com/content/pdf/10.1007%2Fb104645.pdf
8,Handbook of Disaster Research,https://link.springer.com/content/pdf/10.1007%2F978-0-387-32353-4.pdf
9,Handbook of the Sociology of Gender,https://link.springer.com/content/pdf/10.1007%2F0-387-36218-5.pdf
10,Handbook of Sociological Theory,https://link.springer.com/content/pdf/10.1007%2F0-387-36274-6.pdf
11,Clinical Neuroanatomy,https://link.springer.com/content/pdf/10.1007%2F978-0-387-36601-2.pdf
12,Acquired Brain Injury,https://link.springer.com/content/pdf/10.1007%2F978-0-387-37575-5.pdf
13,Numerical Optimization,https://link.springer.com/content/pdf/10.1007%2F978-0-387-40065-5.pdf
14,Handbook of Biological Confocal Microscopy,https://link.springer.com/content/pdf/10.1007%2F978-0-387-45524-2.pdf
15,Ceramic Materials,https://link.springer.com/content/pdf/10.1007%2F978-0-387-46271-4.pdf
16,Principles of Fluorescence Spectroscopy,https://link.springer.com/content/pdf/10.1007%2F978-0-387-46312-4.pdf
17,Fundamentals of Biomechanics,https://link.springer.com/content/pdf/10.1007%2F978-0-387-49312-1.pdf
18,Primer on the Rheumatic Diseases,https://link.springer.com/content/pdf/10.1007%2F978-0-387-68566-3.pdf
19,International Handbook of Historical Archaeology,https://link.springer.com/content/pdf/10.1007%2F978-0-387-72071-5.pdf
20,Database Marketing,https://link.springer.com/content/pdf/10.1007%2F978-0-387-72579-6.pdf
21,Composite Materials,https://link.springer.com/content/pdf/10.1007%2F978-0-387-74365-3.pdf
22,Time Series Analysis,https://link.springer.com/content/pdf/10.1007%2F978-0-387-75959-3.pdf
23,Transmission Electron Microscopy,https://link.springer.com/content/pdf/10.1007%2F978-0-387-76501-3.pdf
24,Handbook of Quantitative Criminology,https://link.springer.com/content/pdf/10.1007%2F978-0-387-77650-7.pdf
25,Plant Physiological Ecology,https://link.springer.com/content/pdf/10.1007%2F978-0-387-78341-3.pdf
26,Introductory Statistics with R,https://link.springer.com/content/pdf/10.1007%2F978-0-387-79054-1.pdf
27,The Elements of Statistical Learning,https://link.springer.com/content/pdf/10.1007%2F978-0-387-84858-7.pdf
28,"Psychology, Religion, and Spirituality",https://link.springer.com/content/pdf/10.1007%2F978-0-387-87573-6.pdf
29,Introductory Time Series with R,https://link.springer.com/content/pdf/10.1007%2F978-0-387-88698-5.pdf
30,Child Neuropsychology,https://link.springer.com/content/pdf/10.1007%2F978-0-387-88963-4.pdf
31,A Beginner's Guide to R,https://link.springer.com/content/pdf/10.1007%2F978-0-387-93837-0.pdf
32,Geomorphology of Desert Environments,https://link.springer.com/content/pdf/10.1007%2F978-1-4020-5719-9.pdf
33,The Joy of Science,https://link.springer.com/content/pdf/10.1007%2F978-1-4020-6099-1.pdf
34,Fatigue of Structures and Materials,https://link.springer.com/content/pdf/10.1007%2F978-1-4020-6808-9.pdf
35,Essential Astrophysics,https://link.springer.com/content/pdf/10.1007%2F978-3-642-35963-7.pdf
36,Introduction to Evolutionary Computing,https://link.springer.com/content/pdf/10.1007%2F978-3-662-44874-8.pdf
37,Data Analysis,https://link.springer.com/content/pdf/10.1007%2F978-3-319-03762-2.pdf
38,International Perspectives on Psychotherapy,https://link.springer.com/content/pdf/10.1007%2F978-3-319-56194-3.pdf
39,Electrical Machines,https://link.springer.com/content/pdf/10.1007%2F978-1-4614-0400-2.pdf
40,Mechanics and Thermodynamics,https://link.springer.com/content/pdf/10.1007%2F978-3-319-27877-3.pdf
41,Applied Behavior Analysis,https://link.springer.com/content/pdf/10.1007%2F978-3-319-44794-0.pdf
42,"Reading, Writing, and Proving",https://link.springer.com/content/pdf/10.1007%2F978-1-4419-9479-0.pdf
43,Linear and Nonlinear Programming,https://link.springer.com/content/pdf/10.1007%2F978-3-319-18842-3.pdf
44,Introduction to Partial Differential Equations,https://link.springer.com/content/pdf/10.1007%2F978-3-319-48936-0.pdf
45,Energy Storage,https://link.springer.com/content/pdf/10.1007%2F978-3-319-21239-5.pdf
46,Metabolism of Human Diseases,https://link.springer.com/content/pdf/10.1007%2F978-3-7091-0715-7.pdf
47,Sensory Evaluation of Food,https://link.springer.com/content/pdf/10.1007%2F978-1-4419-6488-5.pdf
48,Fundamentals of Robotic Mechanical Systems,https://link.springer.com/content/pdf/10.1007%2F978-3-319-01851-5.pdf
49,Integrative Human Biochemistry,https://link.springer.com/content/pdf/10.1007%2F978-1-4939-3058-6.pdf
50,Philosophy of Science for Scientists,https://link.springer.com/content/pdf/10.1007%2F978-3-319-26551-3.pdf
51,Particles and Nuclei,https://link.springer.com/content/pdf/10.1007%2F978-3-662-46321-5.pdf
52,Data Structures and Algorithms with Python,https://link.springer.com/content/pdf/10.1007%2F978-3-319-13072-9.pdf
53,LGBT-Parent Families,https://link.springer.com/content/pdf/10.1007%2F978-1-4614-4556-2.pdf
54,Integrated Neuroscience,https://link.springer.com/content/pdf/10.1007%2F978-1-4615-1077-2.pdf
55,Introduction to Partial Differential Equations,https://link.springer.com/content/pdf/10.1007%2F978-3-319-02099-0.pdf
56,Microeconomics,https://link.springer.com/content/pdf/10.1007%2F978-3-642-37434-0.pdf
57,System Dynamics,https://link.springer.com/content/pdf/10.1007%2F978-981-10-2045-2.pdf
58,Cosmology for the Curious,https://link.springer.com/content/pdf/10.1007%2F978-3-319-57040-2.pdf
59,Methods of Mathematical Modelling,https://link.springer.com/content/pdf/10.1007%2F978-3-319-23042-9.pdf
60,Introduction to Logic Circuits & Logic Design with Verilog,https://link.springer.com/content/pdf/10.1007%2F978-3-319-53883-9.pdf
61,Structural Analysis,https://link.springer.com/content/pdf/10.1007%2F978-90-481-2516-6.pdf
62,Engineering Flow and Heat Exchange,https://link.springer.com/content/pdf/10.1007%2F978-1-4899-7454-9.pdf
63,Enterprise Risk Management Models,https://link.springer.com/content/pdf/10.1007%2F978-3-662-53785-5.pdf
64,Reactive Power Control in AC Power Systems,https://link.springer.com/content/pdf/10.1007%2F978-3-319-51118-4.pdf
65,Principles of Microeconomics,https://link.springer.com/content/pdf/10.1007%2F978-3-319-57589-6.pdf
66,Additive Manufacturing Technologies,https://link.springer.com/content/pdf/10.1007%2F978-1-4419-1120-9.pdf
67,Principles of Physics,https://link.springer.com/content/pdf/10.1007%2F978-3-642-23026-4.pdf
68,Fundamentals of Biomechanics,https://link.springer.com/content/pdf/10.1007%2F978-3-319-44738-4.pdf
69,Irrigation and Drainage Engineering,https://link.springer.com/content/pdf/10.1007%2F978-3-319-05699-9.pdf
70,LaTeX in 24 Hours,https://link.springer.com/content/pdf/10.1007%2F978-3-319-47831-9.pdf
71,Psychology of Perception,https://link.springer.com/content/pdf/10.1007%2F978-3-319-31791-5.pdf
72,Extragalactic Astronomy and Cosmology,https://link.springer.com/content/pdf/10.1007%2F978-3-642-54083-7.pdf
73,Automata and Computability,https://link.springer.com/content/pdf/10.1007%2F978-1-4612-1844-9.pdf
74,The Algorithm Design Manual,https://link.springer.com/content/pdf/10.1007%2F978-1-84800-070-4.pdf
75,Chemical Thermodynamics,https://link.springer.com/content/pdf/10.1007%2F978-3-642-19864-9.pdf
76,Computational Physics,https://link.springer.com/content/pdf/10.1007%2F978-3-319-61088-7.pdf
77,Introduction to Statistics and Data Analysis,https://link.springer.com/content/pdf/10.1007%2F978-3-319-46162-5.pdf
78,Grammar for Teachers,https://link.springer.com/content/pdf/10.1007%2F978-3-319-33916-0.pdf
79,Time Series Econometrics,https://link.springer.com/content/pdf/10.1007%2F978-3-319-32862-1.pdf
80,Electrochemistry,https://link.springer.com/content/pdf/10.1007%2F978-3-642-30250-3.pdf
81,Classical Fourier Analysis,https://link.springer.com/content/pdf/10.1007%2F978-1-4939-1194-3.pdf
82,Human Chromosomes,https://link.springer.com/content/pdf/10.1007%2F978-1-4613-0139-4.pdf
83,Phylogenomics,https://link.springer.com/content/pdf/10.1007%2F978-3-319-54064-1.pdf
84,Quantum Theory for Mathematicians,https://link.springer.com/content/pdf/10.1007%2F978-1-4614-7116-5.pdf
85,Evidence-Based Critical Care,https://link.springer.com/content/pdf/10.1007%2F978-3-319-43341-7.pdf
86,Clinical Assessment of Child and Adolescent Personality and Behavior,https://link.springer.com/content/pdf/10.1007%2F978-1-4419-0641-0.pdf
87,Design Research in Information Systems,https://link.springer.com/content/pdf/10.1007%2F978-1-4419-5653-8.pdf
88,Intermediate Physics for Medicine and Biology,https://link.springer.com/content/pdf/10.1007%2F978-3-319-12682-1.pdf
89,Principles of Data Mining,https://link.springer.com/content/pdf/10.1007%2F978-1-4471-7307-6.pdf
90,Fundamental Astronomy,https://link.springer.com/content/pdf/10.1007%2F978-3-662-53045-0.pdf
91,Fundamentals of Business Process Management,https://link.springer.com/content/pdf/10.1007%2F978-3-642-33143-5.pdf
92,"Brownian Motion, Martingales, and Stochastic Calculus",https://link.springer.com/content/pdf/10.1007%2F978-3-319-31089-3.pdf
93,UML @ Classroom,https://link.springer.com/content/pdf/10.1007%2F978-3-319-12742-2.pdf
94,Design and Analysis of Experiments,https://link.springer.com/content/pdf/10.1007%2F978-3-319-52250-0.pdf
95,Foundations for Designing User-Centered Systems,https://link.springer.com/content/pdf/10.1007%2F978-1-4471-5134-0.pdf
96,Handbook of Consumer Finance Research,https://link.springer.com/content/pdf/10.1007%2F978-3-319-28887-1.pdf
97,Principles of Terrestrial Ecosystem Ecology,https://link.springer.com/content/pdf/10.1007%2F978-1-4419-9504-9.pdf
98,Applied Multivariate Statistical Analysis,https://link.springer.com/content/pdf/10.1007%2F978-3-662-45171-7.pdf
99,Strategic International Management,https://link.springer.com/content/pdf/10.1007%2F978-3-8349-6331-4.pdf
100,Computer Vision,https://link.springer.com/content/pdf/10.1007%2F978-1-84882-935-0.pdf
101,Engineering Electromagnetics,https://link.springer.com/content/pdf/10.1007%2F978-3-319-07806-9.pdf
102,Data Mining,https://link.springer.com/content/pdf/10.1007%2F978-3-319-14142-8.pdf
103,International Trade Theory and Policy,https://link.springer.com/content/pdf/10.1007%2F978-3-642-37314-5.pdf
104,Alternative Energy Sources,https://link.springer.com/content/pdf/10.1007%2F978-3-642-20951-2.pdf
105,Introduction to Electronic Commerce and Social Commerce,https://link.springer.com/content/pdf/10.1007%2F978-3-319-50091-1.pdf
106,Computational Geometry,https://link.springer.com/content/pdf/10.1007%2F978-3-540-77974-2.pdf
107,Elementary Mechanics Using Python,https://link.springer.com/content/pdf/10.1007%2F978-3-319-19596-4.pdf
108,Energy Economics,https://link.springer.com/content/pdf/10.1007%2F978-3-662-53022-1.pdf
109,Biomedical Informatics,https://link.springer.com/content/pdf/10.1007%2F978-1-4471-4474-8.pdf
110,"Robotics, Vision and Control",https://link.springer.com/content/pdf/10.1007%2F978-3-319-54413-7.pdf
111,Acid-Base Diagrams,https://link.springer.com/content/pdf/10.1007%2F978-3-642-37902-4.pdf
112,Brewing Science: A Multidisciplinary Approach,https://link.springer.com/content/pdf/10.1007%2F978-3-319-46394-0.pdf
113,Learning Landscape Ecology,https://link.springer.com/content/pdf/10.1007%2F978-1-4939-6374-4.pdf
114,Probability,https://link.springer.com/content/pdf/10.1007%2F978-1-4612-4374-8.pdf
115,Modeling Life,https://link.springer.com/content/pdf/10.1007%2F978-3-319-59731-7.pdf
116,Introduction to Plasma Physics and Controlled Fusion,https://link.springer.com/content/pdf/10.1007%2F978-3-319-22309-4.pdf
117,Engineering Mechanics 1,https://link.springer.com/content/pdf/10.1007%2F978-3-642-30319-7.pdf
118,Business Statistics for Competitive Advantage with Excel 2016,https://link.springer.com/content/pdf/10.1007%2F978-3-319-32185-1.pdf
119,Principles of Polymer Chemistry,https://link.springer.com/content/pdf/10.1007%2F978-1-4614-2212-9.pdf
120,A Primer on Scientific Programming with Python,https://link.springer.com/content/pdf/10.1007%2F978-3-662-49887-3.pdf
121,Climate Change Science: A Modern Synthesis,https://link.springer.com/content/pdf/10.1007%2F978-94-007-5757-8.pdf
122,Solar PV and Wind Energy Conversion Systems,https://link.springer.com/content/pdf/10.1007%2F978-3-319-14941-7.pdf
123,Statistical Analysis and Data Display,https://link.springer.com/content/pdf/10.1007%2F978-1-4939-2122-5.pdf
124,Business Process Management Cases,https://link.springer.com/content/pdf/10.1007%2F978-3-319-58307-5.pdf
125,Elementary Analysis,https://link.springer.com/content/pdf/10.1007%2F978-1-4614-6271-2.pdf
126,Cryptography Made Simple,https://link.springer.com/content/pdf/10.1007%2F978-3-319-21936-3.pdf
127,Fluid Dynamics,https://link.springer.com/content/pdf/10.1007%2F978-3-319-09351-2.pdf
128,Social Media Management,https://link.springer.com/content/pdf/10.1007%2F978-3-319-21990-5.pdf
129,Statistics in Criminal Justice,https://link.springer.com/content/pdf/10.1007%2F978-1-4614-9170-5.pdf
130,Supply Chain Management and Advanced Planning,https://link.springer.com/content/pdf/10.1007%2F978-3-642-55309-7.pdf
131,Probability Theory,https://link.springer.com/content/pdf/10.1007%2F978-1-4471-5201-9.pdf
132,Statistics and Data Analysis for Financial Engineering,https://link.springer.com/content/pdf/10.1007%2F978-1-4939-2614-5.pdf
133,Readings in Formal Epistemology,https://link.springer.com/content/pdf/10.1007%2F978-3-319-20451-2.pdf
134,Differential Equations and Their Applications,https://link.springer.com/content/pdf/10.1007%2F978-1-4612-4360-1.pdf
135,Nanotechnology: Principles and Practices,https://link.springer.com/content/pdf/10.1007%2F978-3-319-09171-6.pdf
136,Epidemiological Research: Terms and Concepts,https://link.springer.com/content/pdf/10.1007%2F978-94-007-1171-6.pdf
137,Multinational Management,https://link.springer.com/content/pdf/10.1007%2F978-3-319-23012-2.pdf
138,Partial Differential Equations,https://link.springer.com/content/pdf/10.1007%2F978-1-4614-4809-9.pdf
139,Bayesian and Frequentist Regression Methods,https://link.springer.com/content/pdf/10.1007%2F978-1-4419-0925-1.pdf
140,Strategic International Management,https://link.springer.com/content/pdf/10.1007%2F978-3-658-07884-3.pdf
141,Basic Concepts in Computational Physics,https://link.springer.com/content/pdf/10.1007%2F978-3-319-27265-8.pdf
142,Eye Tracking Methodology,https://link.springer.com/content/pdf/10.1007%2F978-3-319-57883-5.pdf
143,Writing for Publication,https://link.springer.com/content/pdf/10.1007%2F978-3-319-31650-5.pdf
144,Mathematical Physics,https://link.springer.com/content/pdf/10.1007%2F978-3-319-01195-0.pdf
145,Correctional Counseling and Treatment,https://link.springer.com/content/pdf/10.1007%2F978-3-319-54349-9.pdf
146,Thermodynamics and Energy Conversion,https://link.springer.com/content/pdf/10.1007%2F978-3-662-43715-5.pdf
147,The Action Research Planner,https://link.springer.com/content/pdf/10.1007%2F978-981-4560-67-2.pdf
148,Stochastic Processes and Calculus,https://link.springer.com/content/pdf/10.1007%2F978-3-319-23428-1.pdf
149,Statistical Analysis of Clinical Data on a Pocket Calculator,https://link.springer.com/content/pdf/10.1007%2F978-94-007-1211-9.pdf
150,Clinical Data Analysis on a Pocket Calculator,https://link.springer.com/content/pdf/10.1007%2F978-3-319-27104-0.pdf
151,The Data Science Design Manual,https://link.springer.com/content/pdf/10.1007%2F978-3-319-55444-0.pdf
152,An Introduction to Machine Learning,https://link.springer.com/content/pdf/10.1007%2F978-3-319-63913-0.pdf
153,Guide to Discrete Mathematics,https://link.springer.com/content/pdf/10.1007%2F978-3-319-44561-8.pdf
154,Petroleum Geoscience,https://link.springer.com/content/pdf/10.1007%2F978-3-642-34132-8.pdf
155,Structure Determination by X-ray Crystallography,https://link.springer.com/content/pdf/10.1007%2F978-1-4614-3954-7.pdf
156,Introduction to Time Series and Forecasting,https://link.springer.com/content/pdf/10.1007%2F978-3-319-29854-2.pdf
157,Principles of Mobile Communication,https://link.springer.com/content/pdf/10.1007%2F978-3-319-55615-4.pdf
158,Cardiovascular Biomechanics,https://link.springer.com/content/pdf/10.1007%2F978-3-319-46407-7.pdf
159,Introduction to Smooth Manifolds,https://link.springer.com/content/pdf/10.1007%2F978-1-4419-9982-5.pdf
160,Taxation in European Union,https://link.springer.com/content/pdf/10.1007%2F978-3-319-53919-5.pdf
161,Essentials of Cerebellum and Cerebellar Disorders,https://link.springer.com/content/pdf/10.1007%2F978-3-319-24551-5.pdf
162,Language Across the Curriculum & CLIL in English as an Additional Lang,https://link.springer.com/content/pdf/10.1007%2F978-981-10-1802-2.pdf
163,Multivariate Calculus and Geometry,https://link.springer.com/content/pdf/10.1007%2F978-1-4471-6419-7.pdf
164,Statistics and Analysis of Scientific Data,https://link.springer.com/content/pdf/10.1007%2F978-1-4939-6572-4.pdf
165,Modelling Computing Systems,https://link.springer.com/content/pdf/10.1007%2F978-1-84800-322-4.pdf
166,Search Methodologies,https://link.springer.com/content/pdf/10.1007%2F978-1-4614-6940-7.pdf
167,Representation Theory,https://link.springer.com/content/pdf/10.1007%2F978-1-4612-0979-9.pdf
168,Linear Algebra Done Right,https://link.springer.com/content/pdf/10.1007%2F978-3-319-11080-6.pdf
169,Stellar Structure and Evolution,https://link.springer.com/content/pdf/10.1007%2F978-3-642-30304-3.pdf
170,Evolutionary Thinking in Medicine,https://link.springer.com/content/pdf/10.1007%2F978-3-319-29716-3.pdf
171,Understanding Cryptography,https://link.springer.com/content/pdf/10.1007%2F978-3-642-04101-3.pdf
172,Linear Algebra,https://link.springer.com/content/pdf/10.1007%2F978-3-319-24346-7.pdf
173,Algebra,https://link.springer.com/content/pdf/10.1007%2F978-1-4613-0041-0.pdf
174,Understanding Analysis,https://link.springer.com/content/pdf/10.1007%2F978-1-4939-2712-8.pdf
175,Plate Tectonics,https://link.springer.com/content/pdf/10.1007%2F978-3-540-76504-2.pdf
176,Linear Programming,https://link.springer.com/content/pdf/10.1007%2F978-1-4614-7630-6.pdf
177,The Nature of Scientific Knowledge,https://link.springer.com/content/pdf/10.1007%2F978-3-319-33405-9.pdf
178,Leadership Today,https://link.springer.com/content/pdf/10.1007%2F978-3-319-31036-7.pdf
179,Physics of Semiconductor Devices,https://link.springer.com/content/pdf/10.1007%2F978-1-4939-1151-6.pdf
180,Corporate Social Responsibility,https://link.springer.com/content/pdf/10.1007%2F978-3-642-40975-2.pdf
181,Ordinary Differential Equations,https://link.springer.com/content/pdf/10.1007%2F978-1-4614-3618-8.pdf
182,Electronic Commerce,https://link.springer.com/content/pdf/10.1007%2F978-3-319-10091-3.pdf
183,Ceramic Materials,https://link.springer.com/content/pdf/10.1007%2F978-1-4614-3523-5.pdf
184,Foundations of Analytical Chemistry,https://link.springer.com/content/pdf/10.1007%2F978-3-319-62872-1.pdf
185,Life Cycle Assessment,https://link.springer.com/content/pdf/10.1007%2F978-3-319-56475-3.pdf
186,A Clinical Guide to the Treatment of the Human Stress Response,https://link.springer.com/content/pdf/10.1007%2F978-1-4614-5538-7.pdf
187,Computational Physics,https://link.springer.com/content/pdf/10.1007%2F978-3-319-00401-3.pdf
188,Handbook of LGBT Elders,https://link.springer.com/content/pdf/10.1007%2F978-3-319-03623-6.pdf
189,"Handbook of Cardiac Anatomy, Physiology, and Devices",https://link.springer.com/content/pdf/10.1007%2F978-3-319-19464-6.pdf
190,Quantum Mechanics,https://link.springer.com/content/pdf/10.1007%2F978-3-642-20556-9.pdf
191,Understanding Statistics Using R,https://link.springer.com/content/pdf/10.1007%2F978-1-4614-6227-9.pdf
192,Mass Spectrometry,https://link.springer.com/content/pdf/10.1007%2F978-3-319-54398-7.pdf
193,Statistical Mechanics for Engineers,https://link.springer.com/content/pdf/10.1007%2F978-3-319-13809-1.pdf
194,The Gastrointestinal System,https://link.springer.com/content/pdf/10.1007%2F978-94-017-8771-0.pdf
195,Additive Manufacturing Technologies,https://link.springer.com/content/pdf/10.1007%2F978-1-4939-2113-3.pdf
196,Magnetic Interactions in Molecules and Solids,https://link.springer.com/content/pdf/10.1007%2F978-3-319-22951-5.pdf
197,Electricity and Magnetism,https://link.springer.com/content/pdf/10.1007%2F978-4-431-54526-2.pdf
198,Survival Analysis,https://link.springer.com/content/pdf/10.1007%2F978-1-4419-6646-9.pdf
199,Foundations of Quantum Mechanics,https://link.springer.com/content/pdf/10.1007%2F978-3-319-65867-4.pdf
200,An Introduction to Statistical Learning,https://link.springer.com/content/pdf/10.1007%2F978-1-4614-7138-7.pdf
201,Introduction to Mathematica® for Physicists,https://link.springer.com/content/pdf/10.1007%2F978-3-319-00894-3.pdf
202,Statistical Learning from a Regression Perspective,https://link.springer.com/content/pdf/10.1007%2F978-3-319-44048-4.pdf
203,Applied Partial Differential Equations,https://link.springer.com/content/pdf/10.1007%2F978-3-319-12493-3.pdf
204,Principles of Astrophysics,https://link.springer.com/content/pdf/10.1007%2F978-1-4614-9236-8.pdf
205,Air Pollution and Greenhouse Gases,https://link.springer.com/content/pdf/10.1007%2F978-981-287-212-8.pdf
206,Polymer Synthesis: Theory and Practice,https://link.springer.com/content/pdf/10.1007%2F978-3-642-28980-4.pdf
207,Sustainable Supply Chains,https://link.springer.com/content/pdf/10.1007%2F978-3-319-29791-0.pdf
208,Robotics,https://link.springer.com/content/pdf/10.1007%2F978-1-84628-642-1.pdf
209,Econometrics,https://link.springer.com/content/pdf/10.1007%2F978-3-642-20059-5.pdf
210,The Sea Floor,https://link.springer.com/content/pdf/10.1007%2F978-3-319-51412-3.pdf
211,SPSS for Starters and 2nd Levelers,https://link.springer.com/content/pdf/10.1007%2F978-3-319-20600-4.pdf
212,Regression Modeling Strategies,https://link.springer.com/content/pdf/10.1007%2F978-3-319-19425-7.pdf
213,Legal Dynamics of EU External Relations,https://link.springer.com/content/pdf/10.1007%2F978-3-662-54817-2.pdf
214,Food Analysis Laboratory Manual,https://link.springer.com/content/pdf/10.1007%2F978-3-319-44127-6.pdf
215,Principles of Musical Acoustics,https://link.springer.com/content/pdf/10.1007%2F978-1-4614-6786-1.pdf
216,Fundamentals of Structural Engineering,https://link.springer.com/content/pdf/10.1007%2F978-3-319-24331-3.pdf
217,Basics of Laser Physics,https://link.springer.com/content/pdf/10.1007%2F978-3-319-50651-7.pdf
218,Applied Quantitative Finance,https://link.springer.com/content/pdf/10.1007%2F978-3-662-54486-0.pdf
219,Handbook of Marriage and the Family,https://link.springer.com/content/pdf/10.1007%2F978-1-4614-3987-5.pdf
220,Solid-State Physics,https://link.springer.com/content/pdf/10.1007%2F978-3-540-93804-0.pdf
221,Electrochemical Impedance Spectroscopy and its Applications,https://link.springer.com/content/pdf/10.1007%2F978-1-4614-8933-7.pdf
222,Economics as Applied Ethics,https://link.springer.com/content/pdf/10.1007%2F978-3-319-50319-6.pdf
223,Electronics for Embedded Systems,https://link.springer.com/content/pdf/10.1007%2F978-3-319-39439-8.pdf
224,Concise Guide to Software Engineering,https://link.springer.com/content/pdf/10.1007%2F978-3-319-57750-0.pdf
225,Fundamentals of Multimedia,https://link.springer.com/content/pdf/10.1007%2F978-3-319-05290-8.pdf
226,Logistics,https://link.springer.com/content/pdf/10.1007%2F978-3-319-01769-3.pdf
227,Group Theory Applied to Chemistry,https://link.springer.com/content/pdf/10.1007%2F978-94-007-6863-5.pdf
228,The Psychology of Social Status,https://link.springer.com/content/pdf/10.1007%2F978-1-4939-0867-7.pdf
229,A Modern Introduction to Probability and Statistics,https://link.springer.com/content/pdf/10.1007%2F1-84628-168-7.pdf
230,Complex Analysis,https://link.springer.com/content/pdf/10.1007%2F978-1-4419-7288-0.pdf
231,Food Chemistry,https://link.springer.com/content/pdf/10.1007%2F978-3-540-69934-7.pdf
232,Exam Survival Guide: Physical Chemistry,https://link.springer.com/content/pdf/10.1007%2F978-3-319-49810-2.pdf
233,The Python Workbook,https://link.springer.com/content/pdf/10.1007%2F978-3-319-14240-1.pdf
234,Practical Electrical Engineering,https://link.springer.com/content/pdf/10.1007%2F978-3-319-21173-2.pdf
235,Strategic Retail Management,https://link.springer.com/content/pdf/10.1007%2F978-3-658-10183-1.pdf
236,Food Analysis,https://link.springer.com/content/pdf/10.1007%2F978-3-319-45776-5.pdf
237,Psychoeducational Assessment and Report Writing,https://link.springer.com/content/pdf/10.1007%2F978-1-4939-1911-6.pdf
238,Machine Learning in Medicine - a Complete Overview,https://link.springer.com/content/pdf/10.1007%2F978-3-319-15195-3.pdf
239,Evidence-Based Interventions for Children with Challenging Behavior,https://link.springer.com/content/pdf/10.1007%2F978-1-4614-7807-2.pdf
240,Principles of Quantum Mechanics,https://link.springer.com/content/pdf/10.1007%2F978-1-4757-0576-8.pdf
241,Recommender Systems,https://link.springer.com/content/pdf/10.1007%2F978-3-319-29659-3.pdf
242,Pharmaceutical Biotechnology,https://link.springer.com/content/pdf/10.1007%2F978-1-4614-6486-0.pdf
243,Python Programming Fundamentals,https://link.springer.com/content/pdf/10.1007%2F978-1-4471-6642-9.pdf
244,The Finite Element Method and Applications in Engineering Using ANS,https://link.springer.com/content/pdf/10.1007%2F978-1-4899-7550-8.pdf
245,Group Theory,https://link.springer.com/content/pdf/10.1007%2F978-3-540-32899-5.pdf
246,"Object-Oriented Analysis, Design and Implementation",https://link.springer.com/content/pdf/10.1007%2F978-3-319-24280-4.pdf
247,Introduction to Embedded Systems,https://link.springer.com/content/pdf/10.1007%2F978-1-4614-3143-5.pdf
248,Elementary Mechanics Using Matlab,https://link.springer.com/content/pdf/10.1007%2F978-3-319-19587-2.pdf
249,An Introduction to Biomechanics,https://link.springer.com/content/pdf/10.1007%2F978-1-4939-2623-7.pdf
250,New Introduction to Multiple Time Series Analysis,https://link.springer.com/content/pdf/10.1007%2F978-3-540-27752-1.pdf
251,Introduction to Data Science,https://link.springer.com/content/pdf/10.1007%2F978-3-319-50017-1.pdf
252,Calculus With Applications,https://link.springer.com/content/pdf/10.1007%2F978-1-4614-7946-8.pdf
253,An Introduction to Soil Mechanics,https://link.springer.com/content/pdf/10.1007%2F978-3-319-61185-3.pdf
254,Game Theory,https://link.springer.com/content/pdf/10.1007%2F978-3-662-46950-7.pdf
255,Fundamentals of Clinical Trials,https://link.springer.com/content/pdf/10.1007%2F978-3-319-18539-2.pdf
256,The Finite Volume Method in Computational Fluid Dynamics,https://link.springer.com/content/pdf/10.1007%2F978-3-319-16874-6.pdf
257,The ASCRS Textbook of Colon and Rectal Surgery,https://link.springer.com/content/pdf/10.1007%2F978-3-319-25970-3.pdf
258,Applied Predictive Modeling,https://link.springer.com/content/pdf/10.1007%2F978-1-4614-6849-3.pdf
259,Introduction to Logic Circuits & Logic Design with VHDL,https://link.springer.com/content/pdf/10.1007%2F978-3-319-34195-8.pdf
260,Sustainability Science,https://link.springer.com/content/pdf/10.1007%2F978-94-017-7242-6.pdf
261,Physical Chemistry from a Different Angle,https://link.springer.com/content/pdf/10.1007%2F978-3-319-15666-8.pdf
262,The Physics of Semiconductors,https://link.springer.com/content/pdf/10.1007%2F978-3-319-23880-7.pdf
263,Energy Harvesting and Energy Efficiency,https://link.springer.com/content/pdf/10.1007%2F978-3-319-49875-1.pdf
264,Python For ArcGIS,https://link.springer.com/content/pdf/10.1007%2F978-3-319-18398-5.pdf
265,Statics and Mechanics of Structures,https://link.springer.com/content/pdf/10.1007%2F978-94-007-6113-1.pdf
266,Real Analysis,https://link.springer.com/content/pdf/10.1007%2F978-1-4939-2766-1.pdf
267,MATLAB for Psychologists,https://link.springer.com/content/pdf/10.1007%2F978-1-4614-2197-9.pdf
268,Physical Asset Management,https://link.springer.com/content/pdf/10.1007%2F978-3-319-14777-2.pdf
269,Essentials of Food Science,https://link.springer.com/content/pdf/10.1007%2F978-1-4614-9138-5.pdf
270,Quantum Mechanics,https://link.springer.com/content/pdf/10.1007%2F978-1-4612-1272-0.pdf
271,Probability Theory,https://link.springer.com/content/pdf/10.1007%2F978-1-4471-5361-0.pdf
272,Concise Guide to Databases,https://link.springer.com/content/pdf/10.1007%2F978-1-4471-5601-7.pdf
273,Digital Image Processing,https://link.springer.com/content/pdf/10.1007%2F978-1-4471-6684-9.pdf
274,Chemical and Bioprocess Engineering,https://link.springer.com/content/pdf/10.1007%2F978-1-4614-9126-2.pdf
275,Transmission Electron Microscopy,https://link.springer.com/content/pdf/10.1007%2F978-1-4757-2519-3.pdf
276,Guide to Computer Network Security,https://link.springer.com/content/pdf/10.1007%2F978-3-319-55606-2.pdf
277,Introduction to Law,https://link.springer.com/content/pdf/10.1007%2F978-3-319-57252-9.pdf
278,Advanced Quantum Mechanics,https://link.springer.com/content/pdf/10.1007%2F978-3-319-25675-7.pdf
279,Bayesian Essentials with R,https://link.springer.com/content/pdf/10.1007%2F978-1-4614-8687-9.pdf
280,"Robotics, Vision and Control",https://link.springer.com/content/pdf/10.1007%2F978-3-642-20144-8.pdf
281,Applied Chemistry,https://link.springer.com/content/pdf/10.1007%2F978-1-4614-4262-2.pdf
282,Advanced Organic Chemistry,https://link.springer.com/content/pdf/10.1007%2F978-0-387-44899-2.pdf
283,Advanced Organic Chemistry,https://link.springer.com/content/pdf/10.1007%2F978-0-387-71481-3.pdf
284,International Humanitarian Action,https://link.springer.com/content/pdf/10.1007%2F978-3-319-14454-2.pdf
285,Breast Cancer,https://link.springer.com/content/pdf/10.1007%2F978-3-319-48848-6.pdf
286,"Travel Marketing, Tourism Economics and the Airline Product",https://link.springer.com/content/pdf/10.1007%2F978-3-319-49849-2.pdf
287,Electronic Commerce 2018,https://link.springer.com/content/pdf/10.1007%2F978-3-319-58715-8.pdf
288,Disability and Vocational Rehabilitation in Rural Settings,https://link.springer.com/content/pdf/10.1007%2F978-3-319-64786-9.pdf
289,Teaching Medicine and Medical Ethics Using Popular Culture,https://link.springer.com/content/pdf/10.1007%2F978-3-319-65451-5.pdf
290,Market Research,https://link.springer.com/content/pdf/10.1007%2F978-981-10-5218-7.pdf
291,Scanning Electron Microscopy and X-Ray Microanalysis,https://link.springer.com/content/pdf/10.1007%2F978-1-4939-6676-9.pdf
292,ArcGIS for Environmental and Water Issues,https://link.springer.com/content/pdf/10.1007%2F978-3-319-61158-7.pdf
293,Physics from Symmetry,https://link.springer.com/content/pdf/10.1007%2F978-3-319-66631-0.pdf
294,Communication and Bioethics at the End of Life,https://link.springer.com/content/pdf/10.1007%2F978-3-319-70920-8.pdf
295,Foundations of Programming Languages,https://link.springer.com/content/pdf/10.1007%2F978-3-319-70790-7.pdf
296,Problems in Classical Electromagnetism,https://link.springer.com/content/pdf/10.1007%2F978-3-319-63133-2.pdf
297,Polymer Chemistry,https://link.springer.com/content/pdf/10.1007%2F978-3-662-49279-6.pdf
298,Probability and Statistics for Computer Science,https://link.springer.com/content/pdf/10.1007%2F978-3-319-64410-3.pdf
299,Empathetic Space on Screen,https://link.springer.com/content/pdf/10.1007%2F978-3-319-66772-0.pdf
300,Political Social Work,https://link.springer.com/content/pdf/10.1007%2F978-3-319-68588-5.pdf
301,Introductory Quantum Mechanics,https://link.springer.com/content/pdf/10.1007%2F978-3-319-68598-4.pdf
302,Guide to Competitive Programming,https://link.springer.com/content/pdf/10.1007%2F978-3-319-72547-5.pdf
303,Introduction to Artificial Intelligence,https://link.springer.com/content/pdf/10.1007%2F978-3-319-58487-4.pdf
304,Bioinformatics for Evolutionary Biologists,https://link.springer.com/content/pdf/10.1007%2F978-3-319-67395-0.pdf
305,"Concepts, Methods and Practical Applications in Applied Demography",https://link.springer.com/content/pdf/10.1007%2F978-3-319-65439-3.pdf
306,Introduction to Deep Learning,https://link.springer.com/content/pdf/10.1007%2F978-3-319-73004-2.pdf
307,Energy and the Wealth of Nations,https://link.springer.com/content/pdf/10.1007%2F978-3-319-66219-0.pdf
308,"A Beginner's Guide to Scala, Object Orientation and Functional Progra",https://link.springer.com/content/pdf/10.1007%2F978-3-319-75771-1.pdf
309,Lessons on Synthetic Bioarchitectures,https://link.springer.com/content/pdf/10.1007%2F978-3-319-73123-0.pdf
310,Managing Sustainable Business,https://link.springer.com/content/pdf/10.1007%2F978-94-024-1144-7.pdf
311,Engineering Mechanics 2,https://link.springer.com/content/pdf/10.1007%2F978-3-662-56272-7.pdf
312,Fundamentals of Business Process Management,https://link.springer.com/content/pdf/10.1007%2F978-3-662-56509-4.pdf
313,Clinical Methods in Medical Family Therapy,https://link.springer.com/content/pdf/10.1007%2F978-3-319-68834-3.pdf
314,Guide to Scientific Computing in C++,https://link.springer.com/content/pdf/10.1007%2F978-3-319-73132-2.pdf
315,Motivation and Action,https://link.springer.com/content/pdf/10.1007%2F978-3-319-65094-4.pdf
316,Perspectives on Elderly Crime and Victimization,https://link.springer.com/content/pdf/10.1007%2F978-3-319-72682-3.pdf
317,Knowledge Management,https://link.springer.com/content/pdf/10.1007%2F978-3-319-59978-6.pdf
318,An Introduction to Zooarchaeology,https://link.springer.com/content/pdf/10.1007%2F978-3-319-65682-3.pdf
319,Abstract Algebra,https://link.springer.com/content/pdf/10.1007%2F978-3-319-77649-1.pdf
320,Criminal Justice and Mental Health,https://link.springer.com/content/pdf/10.1007%2F978-3-319-76442-9.pdf
321,Philosophy of Race,https://link.springer.com/content/pdf/10.1007%2F978-3-319-78729-9.pdf
322,"Of Cigarettes, High Heels, and Other Interesting Things",https://link.springer.com/content/pdf/10.1057%2F978-1-349-95348-6.pdf
323,Applied Bioinformatics,https://link.springer.com/content/pdf/10.1007%2F978-3-319-68301-0.pdf
324,Linear Algebra and Analytic Geometry for Physical Sciences,https://link.springer.com/content/pdf/10.1007%2F978-3-319-78361-1.pdf
325,Building Energy Modeling with OpenStudio,https://link.springer.com/content/pdf/10.1007%2F978-3-319-77809-9.pdf
326,Customer Relationship Management,https://link.springer.com/content/pdf/10.1007%2F978-3-662-55381-7.pdf
327,The A-Z of the PhD Trajectory,https://link.springer.com/content/pdf/10.1007%2F978-3-319-77425-1.pdf
328,Strategic Human Resource Management and Employment Relations,https://link.springer.com/content/pdf/10.1007%2F978-981-13-0399-9.pdf
329,Applied Linear Algebra,https://link.springer.com/content/pdf/10.1007%2F978-3-319-91041-3.pdf
330,Witnessing Torture,https://link.springer.com/content/pdf/10.1007%2F978-3-319-74965-5.pdf
331,Proofs from THE BOOK,https://link.springer.com/content/pdf/10.1007%2F978-3-662-57265-8.pdf
332,Introduction to General Relativity,https://link.springer.com/content/pdf/10.1007%2F978-981-13-1090-4.pdf
333,Introduction to Particle and Astroparticle Physics,https://link.springer.com/content/pdf/10.1007%2F978-3-319-78181-5.pdf
334,Fundamentals of Java Programming,https://link.springer.com/content/pdf/10.1007%2F978-3-319-89491-1.pdf
335,Optimization of Process Flowsheets through Metaheuristic Techniques,https://link.springer.com/content/pdf/10.1007%2F978-3-319-91722-1.pdf
336,Robotics,https://link.springer.com/content/pdf/10.1007%2F978-3-319-72911-4.pdf
337,Business Ethics - A Philosophical and Behavioral Approach,https://link.springer.com/content/pdf/10.1007%2F978-3-319-91575-3.pdf
338,A First Introduction to Quantum Physics,https://link.springer.com/content/pdf/10.1007%2F978-3-319-92207-2.pdf
339,Argumentation Theory: A Pragma-Dialectical Perspective,https://link.springer.com/content/pdf/10.1007%2F978-3-319-95381-6.pdf
340,Logical Foundations of Cyber-Physical Systems,https://link.springer.com/content/pdf/10.1007%2F978-3-319-63588-0.pdf
341,Off-Grid Electrical Systems in Developing Countries,https://link.springer.com/content/pdf/10.1007%2F978-3-319-91890-7.pdf
342,Entertainment Science,https://link.springer.com/content/pdf/10.1007%2F978-3-319-89292-4.pdf
343,Physics of Oscillations and Waves,https://link.springer.com/content/pdf/10.1007%2F978-3-319-72314-3.pdf
344,Introduction to Programming with Fortran,https://link.springer.com/content/pdf/10.1007%2F978-3-319-75502-1.pdf
345,Fundamentals of Solid State Engineering,https://link.springer.com/content/pdf/10.1007%2F978-3-319-75708-7.pdf
346,Introduction to Digital Systems Design,https://link.springer.com/content/pdf/10.1007%2F978-3-319-92804-3.pdf
347,Neural Networks and Deep Learning,https://link.springer.com/content/pdf/10.1007%2F978-3-319-94463-0.pdf
348,Data Science and Predictive Analytics,https://link.springer.com/content/pdf/10.1007%2F978-3-319-72347-1.pdf
349,Systems Programming in Unix/Linux,https://link.springer.com/content/pdf/10.1007%2F978-3-319-92429-8.pdf
350,Analytical Corporate Finance,https://link.springer.com/content/pdf/10.1007%2F978-3-319-95762-3.pdf
351,Fraud and Corruption,https://link.springer.com/content/pdf/10.1007%2F978-3-319-92333-8.pdf
352,Conferencing and Presentation English for Young Academics,https://link.springer.com/content/pdf/10.1007%2F978-981-13-2475-8.pdf
353,A Concise Guide to Market Research,https://link.springer.com/content/pdf/10.1007%2F978-3-662-56707-4.pdf
354,Global Supply Chain and Operations Management,https://link.springer.com/content/pdf/10.1007%2F978-3-319-94313-8.pdf
355,Introduction to Parallel Computing,https://link.springer.com/content/pdf/10.1007%2F978-3-319-98833-7.pdf
356,Mathematical Logic,https://link.springer.com/content/pdf/10.1007%2F978-3-319-97298-5.pdf
357,Stability and Control of Linear Systems,https://link.springer.com/content/pdf/10.1007%2F978-3-030-02405-5.pdf
358,Introduction to Formal Philosophy,https://link.springer.com/content/pdf/10.1007%2F978-3-319-77434-3.pdf
359,Analysis for Computer Scientists,https://link.springer.com/content/pdf/10.1007%2F978-3-319-91155-7.pdf
360,International Business Management,https://link.springer.com/content/pdf/10.1007%2F978-3-319-96622-9.pdf
361,Research Methods for the Digital Humanities,https://link.springer.com/content/pdf/10.1007%2F978-3-319-96713-4.pdf
362,Introductory Computer Forensics,https://link.springer.com/content/pdf/10.1007%2F978-3-030-00581-8.pdf
363,Control Engineering,https://link.springer.com/content/pdf/10.1007%2F978-981-10-8297-9.pdf
364,Control Engineering: MATLAB Exercises,https://link.springer.com/content/pdf/10.1007%2F978-981-10-8321-1.pdf
365,"ENZYMES: Catalysis, Kinetics and Mechanisms",https://link.springer.com/content/pdf/10.1007%2F978-981-13-0785-0.pdf
366,Automatic Control with Experiments,https://link.springer.com/content/pdf/10.1007%2F978-3-319-75804-6.pdf
367,Internet of Things From Hype to Reality,https://link.springer.com/content/pdf/10.1007%2F978-3-319-99516-8.pdf
368,Quantitative Methods for the Social Sciences,https://link.springer.com/content/pdf/10.1007%2F978-3-319-99118-4.pdf
369,A Pythagorean Introduction to Number Theory,https://link.springer.com/content/pdf/10.1007%2F978-3-030-02604-2.pdf
370,Philosophical and Mathematical Logic,https://link.springer.com/content/pdf/10.1007%2F978-3-030-03255-5.pdf
371,Structural Dynamics,https://link.springer.com/content/pdf/10.1007%2F978-3-319-94743-3.pdf
372,"Plant Physiology, Development and Metabolism",https://link.springer.com/content/pdf/10.1007%2F978-981-13-2023-1.pdf
373,Quantum Mechanics for Pedestrians 1,https://link.springer.com/content/pdf/10.1007%2F978-3-030-00464-4.pdf
374,Plant Anatomy,https://link.springer.com/content/pdf/10.1007%2F978-3-319-77315-5.pdf
375,Quantum Mechanics for Pedestrians 2,https://link.springer.com/content/pdf/10.1007%2F978-3-030-00467-5.pdf
376,Excel Data Analysis,https://link.springer.com/content/pdf/10.1007%2F978-3-030-01279-3.pdf
377,Quick Start Guide to VHDL,https://link.springer.com/content/pdf/10.1007%2F978-3-030-04516-6.pdf
378,Java in Two Semesters,https://link.springer.com/content/pdf/10.1007%2F978-3-319-99420-8.pdf
379,Managing Media and Digital Organizations,https://link.springer.com/content/pdf/10.1007%2F978-3-319-71288-8.pdf
380,Media and Digital Management,https://link.springer.com/content/pdf/10.1007%2F978-3-319-72000-5.pdf
381,"An Anthology of London in Literature, 1558-1914",https://link.springer.com/content/pdf/10.1007%2F978-3-030-05609-4.pdf
382,Astronautics,https://link.springer.com/content/pdf/10.1007%2F978-3-319-74373-8.pdf
383,Perceptual Organization,https://link.springer.com/content/pdf/10.1007%2F978-3-319-96337-2.pdf
384,Research Methods for Social Justice and Equity in Education,https://link.springer.com/content/pdf/10.1007%2F978-3-030-05900-2.pdf
385,Educational Technology,https://link.springer.com/content/pdf/10.1007%2F978-981-13-6643-7.pdf
386,Quick Start Guide to Verilog,https://link.springer.com/content/pdf/10.1007%2F978-3-030-10552-5.pdf
387,Spine Surgery,https://link.springer.com/content/pdf/10.1007%2F978-3-319-98875-7.pdf
388,Introduction to Logic Circuits & Logic Design with VHDL,https://link.springer.com/content/pdf/10.1007%2F978-3-030-12489-2.pdf
389,Social Justice Theory and Practice for Social Work,https://link.springer.com/content/pdf/10.1007%2F978-981-13-3621-8.pdf
390,School Leadership and Educational Change in Singapore,https://link.springer.com/content/pdf/10.1007%2F978-3-319-74746-0.pdf
391,Digital Business Models,https://link.springer.com/content/pdf/10.1007%2F978-3-030-13005-3.pdf
392,Introduction to Logic Circuits & Logic Design with Verilog,https://link.springer.com/content/pdf/10.1007%2F978-3-030-13605-5.pdf
393,Pharmaceutical Biotechnology,https://link.springer.com/content/pdf/10.1007%2F978-3-030-00710-2.pdf
394,Mapping Global Theatre Histories,https://link.springer.com/content/pdf/10.1007%2F978-3-030-12727-5.pdf
395,Social Marketing in Action,https://link.springer.com/content/pdf/10.1007%2F978-3-030-13020-6.pdf
396,Analyzing Qualitative Data with MAXQDA,https://link.springer.com/content/pdf/10.1007%2F978-3-030-15671-8.pdf
397,Handbook of Evolutionary Research in Archaeology,https://link.springer.com/content/pdf/10.1007%2F978-3-030-11117-5.pdf
398,Evidence-Based Practice in Clinical Social Work,https://link.springer.com/content/pdf/10.1007%2F978-3-030-15224-6.pdf
